Optimal k,4,Max Sum of Significant MR,3.742369105067929
trial | k,2,3,4,5,6,7,8,9,10
1,3.64585633203991,3.1413838334684074,3.742369105067929,3.352382939743591,3.3318813071504016,2.6741354936524013,3.355257699635532,3.2432805015487203,3.3032954861745956
