Optimal k,2,Max Sum of Significant MR,3.645856332039909
trial | k,2
1,3.645856332039909
